"ID","TYPE","OCCURRED","PROCESSED","OFFSET","NAMED_USER_ID","ANDROID_CHANNEL","IOS_CHANNEL","AMAZON_CHANNEL","PUSH_ID","GROUP_ID","VARIANT_ID","TRIGGERING_PUSH_ID","TRIGGERING_GROUP_ID","TRIGGERING_VARIANT_ID","TRIGGERING_TIME","SESSION"
"4ae09de3-329e-3200-6de4-4819b720f7e8","IN_APP_MESSAGE_DISPLAY","2016-06-08T15:37:49.688Z","2016-06-08T15:37:48.177Z","0","","","34a0e38e-901b-5946-682d-07f96bff0a0d","","c7c2171a-b604-7ec7-183b-1fc71838ef6c","","","","","","",""
"01d1b98b-0ef1-235a-e7b8-91f86d0b4cbf","IN_APP_MESSAGE_DISPLAY","2016-06-08T15:42:05.584Z","2016-06-08T15:42:06.712Z","0","","c8e971c7-6389-af90-96b8-abc497425007","","","f1994f7f-c448-b00b-a2b2-a87620033ae1","","","","","","",""
"91d2ae0a-4a15-6edb-d5c2-b0d982af1d6b","IN_APP_MESSAGE_DISPLAY","2016-06-08T15:46:52.737Z","2016-06-08T15:46:52.788Z","0","","","","90241b27-8cc0-5fad-aefd-66bcd756561d","2a86a480-d19b-2fef-6922-4c880ddb7037","","","","","","",""
"2fadcce0-2468-3aa7-0f89-da319a65f304","IN_APP_MESSAGE_DISPLAY","2016-06-08T15:56:39.320Z","2016-06-08T15:56:39.945Z","0","","cd430b91-4bb3-9dda-8adb-f5c1c04ffd9d","","","3bffbec0-39df-ae8c-7395-762bc8255775","","","","","","",""
"53f161f2-6557-9722-9e73-f1ed5914163b","IN_APP_MESSAGE_DISPLAY","2016-06-08T15:58:22.235Z","2016-06-08T15:58:22.494Z","0","","","7dfd8788-3b1f-0a07-e62d-d0664544635b","","2e7f4dec-334c-f155-6756-df98a8061a8b","","","","","","",""
