"ID","TYPE","OCCURRED","PROCESSED","OFFSET","NAMED_USER_ID","ANDROID_CHANNEL","IOS_CHANNEL","AMAZON_CHANNEL","PUSH_ID","GROUP_ID","VARIANT_ID","TRIGGERING_PUSH_ID","TRIGGERING_GROUP_ID","TRIGGERING_VARIANT_ID","TRIGGERING_TIME","SESSION","TIME_SENT","RESOLUTION_TYPE","TIME_EXPIRED","REPLACING_PUSH_PUSH_ID","REPLACING_PUSH_GROUP_ID","REPLACING_PUSH_VARIANT_ID","REPLACING_PUSH_TIME"
"1d22dab3-41b6-5653-082b-9b476f0d6fb8","IN_APP_MESSAGE_EXPIRATION","2016-06-08T15:44:05.206Z","2016-06-08T15:44:06.254Z","0","","","","531a403f-0f70-02ec-12cf-c465caddd929","e81166fb-40a3-44d3-d8db-d310b67b0040","","","","","","","","","ALREADY_DISPLAYED","","","","",""
"72e0b196-c0f8-c6c1-3a86-8a0805dcad23","IN_APP_MESSAGE_EXPIRATION","2016-06-08T15:49:34.512Z","2016-06-08T15:49:33.960Z","0","","","","4b1814dc-6187-852a-e630-67e33545a804","5d29ad0b-e131-5eb7-cfac-d12c6e6a2867","","","","","","","","","ALREADY_DISPLAYED","","","","",""
"dd676b5f-1e78-40d9-a0bc-76584f0d86d7","IN_APP_MESSAGE_EXPIRATION","2016-06-08T15:53:29.632Z","2016-06-08T15:53:27.330Z","0","","19c7d314-be9b-741e-ff97-662f83cdb5b6","","","42a7dd10-e3d7-a061-a7d1-e985041a8518","","","","","","","","","ALREADY_DISPLAYED","","","","",""
"01342f78-439c-a954-9bc4-7e0b31a5b73b","IN_APP_MESSAGE_EXPIRATION","2016-06-08T15:53:53.149Z","2016-06-08T15:53:51.077Z","0","","","","b169a25f-54c4-2b6b-daab-63983b73656f","cd3c82f3-3ed6-2e19-f66c-f6ce45f875df","","","","","","","","","ALREADY_DISPLAYED","","","","",""
"90069c19-ea6b-974a-a166-a344679d43a2","IN_APP_MESSAGE_EXPIRATION","2016-06-08T15:55:33.477Z","2016-06-08T15:55:33.270Z","0","","e6586b2e-26dd-00a5-0837-744e1175373d","","","573326af-46d0-c2e8-696c-5605301ebad0","","","","","","","","","ALREADY_DISPLAYED","","","","",""
