"ID","TYPE","OCCURRED","PROCESSED","OFFSET","NAMED_USER_ID","ANDROID_CHANNEL","IOS_CHANNEL","AMAZON_CHANNEL","PUSH_ID","GROUP_ID","VARIANT_ID"
"8a2e0c72-fa8b-1a1a-e3d0-8946ae50890d","RICH_DELETE","2016-06-08T15:34:01.059Z","2016-06-08T15:34:00.677Z","0","","","15d038ce-0949-a565-d1fc-30fa452a7609","","7036f2f6-66d6-bd56-a4d8-000705325a5e","",""
"009414ff-f163-48bd-1970-af9f6d6befdc","RICH_DELETE","2016-06-08T15:42:24.109Z","2016-06-08T15:42:24.387Z","0","5e20213a-165c-5f96-a8df-5a9a075ad5db","","","de72b7c1-672a-1eb0-938d-7bfb769bc505","ae41ef59-f300-4fe9-ca6a-c595b9d93d43","",""
"ea1ae97e-2f47-3575-3dd5-b991c4192943","RICH_DELETE","2016-06-08T15:48:23.307Z","2016-06-08T15:48:21.747Z","0","","","","8647cb34-e63e-33df-c107-0422bf331876","7e81bbeb-823a-56f2-7568-4686a0acb88a","",""
"daf66484-f29f-9205-89f7-dd23e4a70655","RICH_DELETE","2016-06-08T15:57:21.428Z","2016-06-08T15:57:22.528Z","0","","8f87f38a-29a1-4a33-dd9e-5d6174372862","","","5fedc4dc-3fdc-e570-e68f-cd4f36f348ca","",""
"ee33d5eb-92f7-dfef-facc-15c9817f0735","RICH_DELETE","2016-06-08T15:57:58.278Z","2016-06-08T15:57:58.332Z","0","","","607d4cf6-3789-72ca-5f8c-4318f6023257","","87af6ffa-df8f-e14d-db91-cfca013e6aa8","",""
