"ID","TYPE","OCCURRED","PROCESSED","OFFSET","NAMED_USER_ID","ANDROID_CHANNEL","IOS_CHANNEL","AMAZON_CHANNEL","PUSH_ID","GROUP_ID","VARIANT_ID"
"e819ca1b-7e36-17c5-1042-f1cf27808ffc","RICH_READ","2016-06-08T15:43:29.689Z","2016-06-08T15:43:29.798Z","0","","f6243e4f-b125-e151-e8c0-3949b71269d9","","","53b6f92f-29e2-2dbb-e8b0-c6b5de8c0884","",""
"58941353-700b-fbeb-d23d-4f6f275d5940","RICH_READ","2016-06-08T15:51:47.063Z","2016-06-08T15:51:46.162Z","0","","3c0252fd-05ed-adc5-fad8-de09b3ce7fdf","","","2f696490-e1fd-1dbd-e488-d1ee7d0b6493","",""
"d086476e-e671-4d9b-2a99-a01e973e197e","RICH_READ","2016-06-08T15:54:57.519Z","2016-06-08T15:54:57.658Z","0","","","847b6e37-6274-df93-2941-55314c2d0f0d","","6c942ce3-b369-c501-6d92-c4bf6aa0bddf","",""
"3b59dce5-bb7a-97c9-31e5-f0219cc51f8f","RICH_READ","2016-06-08T15:56:33.399Z","2016-06-08T15:56:33.992Z","0","","798317dd-7871-0747-522a-6eee88076e24","","","6e5b6555-bd00-581d-bb6c-ab418740989c","",""
